model;AIC;BIC;AICc;RMSE
ARIMA(1,1,1)(1,1,1)_12;995.5889788;1006.902378;996.5120557;195.8402673
ARIMA(2,2,1)(0,1,1)_12;988.0780564;999.3205326;989.0155564;207.9462888
ARIMA(1,2,0)(0,1,1)_12;984.6911703;991.4366561;985.0548067;209.7719116
ARIMA(1,1,1)(0,1,1)_12;993.4272007;1002.47792;994.0332613;210.5673891
ARIMA(1,1,2)(0,1,1)_12;995.4256782;1006.739078;996.3487551;210.5693718
ARIMA(2,1,1)(0,1,1)_12;995.3485257;1006.661925;996.2716026;210.5977198
ARIMA(2,2,2)(0,1,1)_12;989.4045539;1002.895525;990.7378872;210.7464324
ARIMA(2,1,0)(0,1,1)_12;993.3821465;1002.432866;993.9882071;211.095193
ARIMA(2,0,1)(0,0,0)_12;1149.865957;1162.020041;1150.635188;211.2926893
ARIMA(2,0,1)(1,0,0)_12;1162.054392;1176.639293;1163.145301;212.2785037
ARIMA(2,1,2)(1,0,1)_12;1142.727764;1159.659649;1144.221098;212.4894628
ARIMA(2,1,2)(0,1,1)_12;996.9435006;1010.51958;998.2560006;212.664802
ARIMA(2,1,2)(1,0,0)_12;1140.920602;1155.433646;1142.025866;212.8263325
ARIMA(1,1,2)(1,1,1)_12;997.3558518;1010.931931;998.6683518;212.8675604
ARIMA(2,2,2)(1,0,1)_12;1128.106949;1144.953983;1129.620462;212.8873728
ARIMA(2,1,2)(0,0,1)_12;1140.97599;1155.489034;1142.081253;212.9137583
ARIMA(2,1,0)(1,1,1)_12;995.3330146;1006.646414;996.2560915;212.9240896
ARIMA(1,2,2)(0,1,1)_12;988.297849;999.5403252;989.235349;212.9282642
ARIMA(2,1,1)(1,1,1)_12;997.2808311;1010.85691;998.5933311;212.9340697
ARIMA(2,2,2)(1,0,0)_12;1126.233457;1140.673772;1127.353457;213.0979436
ARIMA(2,2,1)(1,0,1)_12;1126.219143;1140.659458;1127.339143;213.1142665
ARIMA(2,1,2)(1,1,1)_12;998.9379792;1014.776738;1000.715757;213.1229439
ARIMA(2,1,1)(1,0,1)_12;1141.208986;1155.722029;1142.314249;213.1555519
ARIMA(1,1,2)(1,0,1)_12;1141.222395;1155.735439;1142.327658;213.1882156
ARIMA(1,1,1)(1,0,1)_12;1139.239693;1151.333896;1140.018914;213.2017716
ARIMA(2,2,2)(0,0,1)_12;1126.303478;1140.743794;1127.423478;213.2243086
ARIMA(1,2,2)(1,0,1)_12;1126.313115;1140.753431;1127.433115;213.258619
ARIMA(2,2,1)(1,0,0)_12;1124.3252;1136.358796;1125.114674;213.2910882
ARIMA(2,2,1)(0,0,1)_12;1124.362865;1136.396461;1125.152339;213.35385
ARIMA(0,2,2)(0,1,1)_12;986.7027692;995.6967502;987.3181538;213.3847987
ARIMA(2,1,2)(0,0,0)_12;1139.342348;1151.436551;1140.121568;213.4162282
ARIMA(2,1,1)(1,0,0)_12;1139.355719;1151.449922;1140.13494;213.4275522
ARIMA(1,2,2)(1,0,0)_12;1124.420134;1136.45373;1125.209608;213.4353369
ARIMA(1,1,2)(1,0,0)_12;1139.369171;1151.463374;1140.148392;213.4464596
ARIMA(0,2,1)(0,1,1)_12;984.7218705;991.4673562;985.0855068;213.4568905
ARIMA(1,1,1)(1,0,0)_12;1137.387412;1147.062775;1137.900233;213.4672683
ARIMA(2,1,0)(1,0,1)_12;1139.503135;1151.597338;1140.282356;213.4851206
ARIMA(1,2,2)(0,0,1)_12;1124.449838;1136.483435;1125.239312;213.4855103
ARIMA(2,1,1)(0,0,1)_12;1139.400896;1151.495099;1140.180116;213.5018386
ARIMA(1,1,2)(0,0,1)_12;1139.413343;1151.507546;1140.192564;213.5191801
ARIMA(1,1,1)(0,0,1)_12;1137.432678;1147.10804;1137.945498;213.5416161
ARIMA(1,2,1)(1,0,1)_12;1124.5934;1136.626996;1125.382874;213.6485763
ARIMA(1,2,1)(0,1,1)_12;986.5397294;995.5337103;987.155114;213.7113002
ARIMA(0,2,2)(1,0,1)_12;1124.660444;1136.69404;1125.449917;213.75568
ARIMA(2,2,2)(0,0,0)_12;1124.669761;1136.703357;1125.459235;213.8128239
ARIMA(1,2,1)(1,0,0)_12;1122.689839;1132.316716;1123.209319;213.8137559
ARIMA(2,2,1)(0,0,0)_12;1122.675343;1132.30222;1123.194824;213.8192098
ARIMA(2,1,0)(1,0,0)_12;1137.703975;1147.379338;1138.216796;213.8383633
ARIMA(1,2,2)(0,0,0)_12;1122.695287;1132.322164;1123.214767;213.848842
ARIMA(1,2,1)(0,0,1)_12;1122.71156;1132.338437;1123.23104;213.850905
ARIMA(0,2,1)(1,0,1)_12;1122.739634;1132.366511;1123.259115;213.8653213
ARIMA(0,2,2)(1,0,0)_12;1122.747211;1132.374088;1123.266691;213.9012884
ARIMA(0,2,2)(0,0,1)_12;1122.765157;1132.392034;1123.284637;213.9312634
ARIMA(2,1,0)(0,0,1)_12;1137.78283;1147.458192;1138.29565;213.9670655
ARIMA(2,1,1)(0,0,0)_12;1137.741363;1147.416725;1138.254183;213.9803784
ARIMA(1,1,2)(0,0,0)_12;1137.74817;1147.423533;1138.260991;213.9907515
ARIMA(0,2,1)(1,0,0)_12;1120.824001;1128.044159;1121.131693;214.0060987
ARIMA(1,1,1)(0,0,0)_12;1135.779445;1143.035966;1136.083242;214.032016
ARIMA(0,2,1)(0,0,1)_12;1120.841916;1128.062074;1121.149609;214.0360173
ARIMA(1,2,1)(0,0,0)_12;1120.900687;1128.120845;1121.208379;214.1323588
ARIMA(0,2,2)(0,0,0)_12;1120.932389;1128.152547;1121.240081;214.1774191
ARIMA(2,2,0)(0,1,1)_12;986.7588231;995.7528041;987.3742077;214.1838203
ARIMA(2,2,0)(1,0,1)_12;1124.973544;1137.00714;1125.763017;214.193383
ARIMA(0,2,1)(0,0,0)_12;1119.015179;1123.828618;1119.167078;214.2911069
ARIMA(2,2,0)(1,0,0)_12;1123.058693;1132.68557;1123.578174;214.3371501
ARIMA(2,2,0)(0,0,1)_12;1123.071046;1132.697923;1123.590526;214.358047
ARIMA(2,2,0)(0,0,0)_12;1121.174373;1128.394531;1121.482065;214.5087524
ARIMA(1,2,0)(1,0,1)_12;1123.301184;1132.928061;1123.820664;214.5670888
ARIMA(2,1,0)(0,0,0)_12;1136.337516;1143.594037;1136.641313;214.7507474
ARIMA(1,2,0)(1,0,0)_12;1121.432392;1128.65255;1121.740084;214.7925788
ARIMA(1,2,0)(0,0,1)_12;1121.470437;1128.690594;1121.778129;214.8569278
ARIMA(1,2,0)(0,0,0)_12;1119.793467;1124.606906;1119.945366;215.3397274
ARIMA(2,2,2)(1,1,1)_12;991.600454;1007.339921;993.4069056;215.8563873
ARIMA(2,2,1)(1,1,1)_12;990.2715028;1003.762474;991.6048361;216.2955368
ARIMA(1,2,2)(1,1,1)_12;990.396842;1003.887813;991.7301754;216.6312804
ARIMA(0,2,1)(1,1,1)_12;986.7921383;995.7861192;987.4075229;217.1553021
ARIMA(0,2,2)(1,1,1)_12;988.7690452;1000.011521;989.7065452;217.1688464
ARIMA(1,1,0)(0,1,1)_12;993.9348472;1000.722887;994.2930562;217.2957098
ARIMA(1,2,1)(1,1,1)_12;988.6088455;999.8513217;989.5463455;217.3611165
ARIMA(1,2,0)(1,1,1)_12;986.8514356;995.8454166;987.4668202;217.3728734
ARIMA(2,2,0)(1,1,1)_12;988.8506945;1000.093171;989.7881945;217.3784131
ARIMA(0,2,0)(0,1,1)_12;985.8267025;990.3236929;986.0058069;217.951933
ARIMA(1,1,0)(1,0,1)_12;1141.697488;1151.37285;1142.210308;218.8097602
ARIMA(1,1,0)(1,1,1)_12;995.6298099;1004.680529;996.2358705;219.018859
ARIMA(1,1,0)(1,0,0)_12;1140.377146;1147.633668;1140.680944;220.005366
ARIMA(1,1,0)(0,0,1)_12;1140.591963;1147.848485;1140.895761;220.3560121
ARIMA(0,2,0)(1,1,1)_12;987.5746853;994.320171;987.9383217;221.1503408
ARIMA(0,2,0)(1,0,1)_12;1126.488272;1133.708429;1126.795964;221.3392867
ARIMA(1,1,0)(0,0,0)_12;1139.38869;1144.226371;1139.53869;221.5006323
ARIMA(0,2,0)(1,0,0)_12;1124.998739;1129.812178;1125.150638;222.2586536
ARIMA(0,2,0)(0,0,1)_12;1125.107785;1129.921223;1125.259684;222.4484954
ARIMA(0,2,0)(0,0,0)_12;1123.563828;1125.970547;1123.613828;223.1458495
ARIMA(2,0,2)(1,1,0)_12;1022.507558;1036.167555;1023.799866;229.7119718
ARIMA(2,1,1)(1,1,0)_12;1000.414615;1011.728014;1001.337692;230.1066364
ARIMA(2,1,2)(1,1,0)_12;1002.174262;1015.750341;1003.486762;230.1564601
ARIMA(2,1,0)(1,1,0)_12;999.1154487;1008.166168;999.7215093;230.7001825
ARIMA(1,1,1)(1,1,0)_12;999.1606095;1008.211329;999.7666701;230.7121105
ARIMA(1,1,2)(1,1,0)_12;1001.160602;1012.474002;1002.083679;230.7126575
ARIMA(1,1,0)(1,1,0)_12;998.2433996;1005.031439;998.6016085;232.2996393
ARIMA(2,2,2)(1,1,0)_12;995.5240868;1009.015058;996.8574201;232.4561294
ARIMA(2,0,0)(1,1,0)_12;1020.340422;1029.447087;1020.937437;232.5712911
ARIMA(2,2,1)(1,1,0)_12;994.2591508;1005.501627;995.1966508;233.1425013
ARIMA(1,2,2)(1,1,0)_12;994.2869523;1005.529428;995.2244523;233.1645699
ARIMA(1,2,1)(1,1,0)_12;992.325845;1001.319826;992.9412296;233.2061949
ARIMA(0,2,2)(1,1,0)_12;992.8495019;1001.843483;993.4648865;234.0358975
ARIMA(0,2,1)(1,1,0)_12;990.9769105;997.7223963;991.3405469;234.34962
ARIMA(1,2,0)(1,1,0)_12;991.065919;997.8114047;991.4295553;234.5992335
ARIMA(2,2,0)(1,1,0)_12;993.0649682;1002.058949;993.6803528;234.6156426
ARIMA(2,0,0)(1,0,1)_12;1158.013791;1172.598692;1159.1047;236.8359371
ARIMA(0,2,0)(1,1,0)_12;990.9979273;995.4949178;991.1770318;237.5779174
ARIMA(2,0,0)(1,0,0)_12;1155.850059;1168.004143;1156.619289;239.2234026
ARIMA(2,1,2)(0,1,0)_12;1010.303248;1021.616647;1011.226325;251.8315113
ARIMA(2,2,2)(0,1,0)_12;1008.804623;1020.0471;1009.742123;262.6960621
ARIMA(2,1,1)(0,1,0)_12;1013.81655;1022.86727;1014.422611;262.8118148
ARIMA(1,2,2)(0,1,0)_12;1006.357065;1015.351046;1006.97245;264.3987663
ARIMA(1,1,2)(0,1,0)_12;1014.834617;1023.885336;1015.440678;264.612057
ARIMA(2,2,1)(0,1,0)_12;1007.877481;1016.871462;1008.492866;267.6271662
ARIMA(1,2,1)(0,1,0)_12;1006.409794;1013.155279;1006.77343;268.7170961
ARIMA(2,1,0)(0,1,0)_12;1015.554299;1022.342339;1015.912508;270.107769
ARIMA(0,1,2)(1,1,0)_12;1018.987391;1028.038111;1019.593452;271.2582614
ARIMA(1,1,1)(0,1,0)_12;1016.209891;1022.99793;1016.5681;271.4128092
ARIMA(0,1,2)(0,1,1)_12;1019.048016;1028.098735;1019.654076;271.4281298
ARIMA(2,2,0)(0,1,0)_12;1008.575394;1015.32088;1008.939031;273.0134305
ARIMA(1,1,0)(0,1,0)_12;1015.718102;1020.243461;1015.894572;274.4157665
ARIMA(2,0,0)(0,1,0)_12;1037.735211;1044.565209;1038.088152;274.6128191
ARIMA(0,1,2)(1,0,1)_12;1188.17958;1200.273783;1188.958801;275.4437129
ARIMA(0,1,2)(1,0,0)_12;1186.189073;1195.864435;1186.701893;275.4800948
ARIMA(1,2,0)(0,1,0)_12;1007.836426;1012.333417;1008.015531;275.5556568
ARIMA(0,2,2)(0,1,0)_12;1010.448063;1017.193549;1010.811699;276.7879821
ARIMA(0,1,2)(0,1,0)_12;1019.234655;1026.022694;1019.592864;276.799294
ARIMA(0,2,1)(0,1,0)_12;1008.46419;1012.961181;1008.643295;276.8075002
ARIMA(0,2,0)(0,1,0)_12;1010.441512;1012.690008;1010.500336;284.9076371
ARIMA(2,0,2)(1,0,1)_12;1224.119633;1243.566167;1226.039633;286.6373119
ARIMA(0,1,2)(0,0,1)_12;1200.560282;1210.235645;1201.073103;307.2949148
ARIMA(1,0,2)(1,0,1)_12;1240.397317;1257.413034;1241.871001;339.6531914
ARIMA(0,1,1)(1,1,0)_12;1050.20446;1056.992499;1050.562668;345.9477475
ARIMA(0,1,1)(0,1,1)_12;1050.433383;1057.221422;1050.791592;346.8163645
ARIMA(0,1,2)(0,0,0)_12;1217.562092;1224.818614;1217.86589;348.7781265
ARIMA(0,1,1)(0,1,0)_12;1049.143632;1053.668992;1049.320103;349.0240878
ARIMA(0,1,1)(1,0,0)_12;1228.46681;1235.723331;1228.770607;358.0804737
ARIMA(0,1,1)(0,0,1)_12;1245.714825;1252.971347;1246.018623;410.6477565
ARIMA(0,1,0)(1,1,1)_12;1078.806957;1085.594997;1079.165166;423.6208628
ARIMA(0,1,0)(1,1,0)_12;1076.843477;1081.368837;1077.019948;423.7521411
ARIMA(0,1,0)(0,1,1)_12;1077.085032;1081.610392;1077.261502;424.7234011
ARIMA(0,1,0)(0,1,0)_12;1077.145365;1079.408045;1077.203336;432.0126176
ARIMA(1,0,0)(1,0,1)_12;1287.712349;1299.866433;1288.48158;439.2743375
ARIMA(0,1,1)(0,0,0)_12;1265.087097;1269.924778;1265.237097;476.027905
ARIMA(0,1,0)(0,0,1)_12;1294.951784;1299.789465;1295.101784;528.9194586
ARIMA(0,1,0)(0,0,0)_12;1341.438458;1343.857299;1341.487841;768.1462389
ARIMA(0,0,2)(0,1,1)_12;1295.13612;1304.242784;1295.733135;1388.201571
ARIMA(0,0,2)(1,0,1)_12;1529.878591;1544.463492;1530.9695;1465.812852
ARIMA(0,0,2)(0,1,0)_12;1342.110681;1348.940679;1342.463622;2258.23558
ARIMA(0,0,2)(0,0,1)_12;1579.587426;1591.74151;1580.356657;2286.33964
ARIMA(0,0,1)(0,1,1)_12;1372.398343;1379.228341;1372.751284;2462.348647
ARIMA(0,0,2)(1,0,0)_12;1584.111407;1596.265491;1584.880638;2494.989086
ARIMA(0,0,2)(0,0,0)_12;1628.751908;1638.475175;1629.258237;3584.18297
ARIMA(0,0,1)(0,1,0)_12;1423.428895;1427.982227;1423.602808;4151.964155
ARIMA(0,0,1)(0,0,1)_12;1676.156792;1685.880059;1676.663121;4198.224611
ARIMA(0,0,1)(1,0,0)_12;1671.287235;1681.010503;1671.793565;4350.042591
ARIMA(0,0,0)(0,1,1)_12;1464.982335;1469.535668;1465.156248;4853.902085
ARIMA(0,0,1)(0,0,0)_12;1725.711979;1733.00443;1726.011979;6574.792586
ARIMA(0,0,0)(0,1,0)_12;1515.437275;1517.713941;1515.494418;8217.055765
ARIMA(0,0,0)(0,0,1)_12;1784.095855;1791.388305;1784.395855;8237.592567
ARIMA(0,0,0)(1,0,0)_12;1781.990568;1789.283019;1782.290568;8649.125383
ARIMA(0,0,0)(0,0,0)_12;1831.987858;1836.849491;1832.136006;12860.83045
